count	n_fns	first_seed	signature
671	14	split_seeds/SLPVectorizer__64-bit-vector.f.ll	PassModel::run,SLPVectorizerPass::collectSeedInstructions,SLPVectorizerPass::run,SLPVectorizerPass::runImpl,SLPVectorizerPass::vectorizeChainsInBlock,SLPVectorizerPass::vectorizeCmpInsts,SLPVectorizerPass::vectorizeInserts,SLPVectorizerPass::vectorizeStoreChain,SLPVectorizerPass::vectorizeStoreChains,SLPVectorizerPass::vectorizeStores,vectorizeChainsInBlock::lambda,vectorizeStoreChains::lambda,vectorizeStores::lambda,vectorizeStores::sort_internals
301	8	split_seeds/SLPVectorizer__align.test1.ll	PassModel::run,SLPVectorizerPass::collectSeedInstructions,SLPVectorizerPass::run,SLPVectorizerPass::runImpl,SLPVectorizerPass::vectorizeChainsInBlock,SLPVectorizerPass::vectorizeCmpInsts,SLPVectorizerPass::vectorizeInserts,vectorizeChainsInBlock::lambda
183	11	split_seeds/SLPVectorizer__abs-overflow-incorrect-minbws.test.ll	PassModel::run,SLPVectorizerPass::collectSeedInstructions,SLPVectorizerPass::run,SLPVectorizerPass::runImpl,SLPVectorizerPass::tryToVectorize,SLPVectorizerPass::vectorizeChainsInBlock,SLPVectorizerPass::vectorizeCmpInsts,SLPVectorizerPass::vectorizeHorReduction,SLPVectorizerPass::vectorizeInserts,SLPVectorizerPass::vectorizeRootInstruction,vectorizeChainsInBlock::lambda
133	10	split_seeds/SLPVectorizer__aarch64-vector-functions.fabs_4x.ll	PassModel::run,SLPVectorizerPass::collectSeedInstructions,SLPVectorizerPass::run,SLPVectorizerPass::runImpl,SLPVectorizerPass::tryToVectorizeList,SLPVectorizerPass::vectorizeChainsInBlock,SLPVectorizerPass::vectorizeCmpInsts,SLPVectorizerPass::vectorizeInsertElementInst,SLPVectorizerPass::vectorizeInserts,vectorizeChainsInBlock::lambda
111	3	split_seeds/SLPVectorizer__address-space-ptr-sze-gep-index-assert.multi_as_reduction_different_sized.ll	PassModel::run,SLPVectorizerPass::run,SLPVectorizerPass::runImpl
96	13	split_seeds/SLPVectorizer__aarch64-vector-functions.acos_4x.ll	PassModel::run,SLPVectorizerPass::collectSeedInstructions,SLPVectorizerPass::run,SLPVectorizerPass::runImpl,SLPVectorizerPass::tryToVectorize,SLPVectorizerPass::tryToVectorizeList,SLPVectorizerPass::vectorizeChainsInBlock,SLPVectorizerPass::vectorizeCmpInsts,SLPVectorizerPass::vectorizeHorReduction,SLPVectorizerPass::vectorizeInsertElementInst,SLPVectorizerPass::vectorizeInserts,tryToVectorizeList::lambda,vectorizeChainsInBlock::lambda
76	0	split_seeds/SLPVectorizer__32-bit.foo.ll	
71	11	split_seeds/SLPVectorizer__add_sub_sat-inseltpoison.sadd_sat_v2i16.ll	PassModel::run,SLPVectorizerPass::collectSeedInstructions,SLPVectorizerPass::run,SLPVectorizerPass::runImpl,SLPVectorizerPass::tryToVectorizeList,SLPVectorizerPass::vectorizeChainsInBlock,SLPVectorizerPass::vectorizeCmpInsts,SLPVectorizerPass::vectorizeHorReduction,SLPVectorizerPass::vectorizeInsertElementInst,SLPVectorizerPass::vectorizeInserts,vectorizeChainsInBlock::lambda
54	12	split_seeds/SLPVectorizer__add_sub_sat-inseltpoison.uadd_sat_v4i16.ll	PassModel::run,SLPVectorizerPass::collectSeedInstructions,SLPVectorizerPass::run,SLPVectorizerPass::runImpl,SLPVectorizerPass::tryToVectorizeList,SLPVectorizerPass::vectorizeChainsInBlock,SLPVectorizerPass::vectorizeCmpInsts,SLPVectorizerPass::vectorizeHorReduction,SLPVectorizerPass::vectorizeInsertElementInst,SLPVectorizerPass::vectorizeInserts,tryToVectorizeList::lambda,vectorizeChainsInBlock::lambda
43	13	split_seeds/SLPVectorizer__alternate-cmp-swapped-pred.test.ll	PassModel::run,SLPVectorizerPass::collectSeedInstructions,SLPVectorizerPass::run,SLPVectorizerPass::runImpl,SLPVectorizerPass::tryToVectorize,SLPVectorizerPass::tryToVectorizeList,SLPVectorizerPass::vectorizeChainsInBlock,SLPVectorizerPass::vectorizeCmpInsts,SLPVectorizerPass::vectorizeHorReduction,SLPVectorizerPass::vectorizeInserts,SLPVectorizerPass::vectorizeRootInstruction,tryToVectorize::lambda,vectorizeChainsInBlock::lambda
27	14	split_seeds/SLPVectorizer__deleted-inst-reduction-attempt.test.ll	PassModel::run,SLPVectorizerPass::collectSeedInstructions,SLPVectorizerPass::run,SLPVectorizerPass::runImpl,SLPVectorizerPass::tryToVectorize,SLPVectorizerPass::tryToVectorizeList,SLPVectorizerPass::vectorizeChainsInBlock,SLPVectorizerPass::vectorizeCmpInsts,SLPVectorizerPass::vectorizeHorReduction,SLPVectorizerPass::vectorizeInserts,SLPVectorizerPass::vectorizeRootInstruction,tryToVectorize::lambda,tryToVectorizeList::lambda,vectorizeChainsInBlock::lambda
25	17	split_seeds/SLPVectorizer__continue_vectorizing.test1.ll	PassModel::run,SLPVectorizerPass::collectSeedInstructions,SLPVectorizerPass::run,SLPVectorizerPass::runImpl,SLPVectorizerPass::tryToVectorize,SLPVectorizerPass::vectorizeChainsInBlock,SLPVectorizerPass::vectorizeCmpInsts,SLPVectorizerPass::vectorizeHorReduction,SLPVectorizerPass::vectorizeInserts,SLPVectorizerPass::vectorizeRootInstruction,SLPVectorizerPass::vectorizeStoreChain,SLPVectorizerPass::vectorizeStoreChains,SLPVectorizerPass::vectorizeStores,vectorizeChainsInBlock::lambda,vectorizeStoreChains::lambda,vectorizeStores::lambda,vectorizeStores::sort_internals
24	13	split_seeds/SLPVectorizer__alternate-cast.fneg_fabs.ll	PassModel::run,SLPVectorizerPass::collectSeedInstructions,SLPVectorizerPass::run,SLPVectorizerPass::runImpl,SLPVectorizerPass::tryToVectorize,SLPVectorizerPass::tryToVectorizeList,SLPVectorizerPass::vectorizeChainsInBlock,SLPVectorizerPass::vectorizeCmpInsts,SLPVectorizerPass::vectorizeHorReduction,SLPVectorizerPass::vectorizeInsertElementInst,SLPVectorizerPass::vectorizeInserts,SLPVectorizerPass::vectorizeRootInstruction,vectorizeChainsInBlock::lambda
21	13	split_seeds/SLPVectorizer__basic-strided-stores.overlapping_strides.ll	PassModel::run,SLPVectorizerPass::collectSeedInstructions,SLPVectorizerPass::run,SLPVectorizerPass::runImpl,SLPVectorizerPass::vectorizeChainsInBlock,SLPVectorizerPass::vectorizeCmpInsts,SLPVectorizerPass::vectorizeInserts,SLPVectorizerPass::vectorizeStoreChains,SLPVectorizerPass::vectorizeStores,vectorizeChainsInBlock::lambda,vectorizeStoreChains::lambda,vectorizeStores::lambda,vectorizeStores::sort_internals
19	14	split_seeds/SLPVectorizer__alternate-int.ashr_lshr_shl_v8i32.ll	PassModel::run,SLPVectorizerPass::collectSeedInstructions,SLPVectorizerPass::run,SLPVectorizerPass::runImpl,SLPVectorizerPass::tryToVectorize,SLPVectorizerPass::tryToVectorizeList,SLPVectorizerPass::vectorizeChainsInBlock,SLPVectorizerPass::vectorizeCmpInsts,SLPVectorizerPass::vectorizeHorReduction,SLPVectorizerPass::vectorizeInsertElementInst,SLPVectorizerPass::vectorizeInserts,tryToVectorize::lambda,tryToVectorizeList::lambda,vectorizeChainsInBlock::lambda
19	17	split_seeds/SLPVectorizer__bad-reduction.PR47450.ll	PassModel::run,SLPVectorizerPass::collectSeedInstructions,SLPVectorizerPass::run,SLPVectorizerPass::runImpl,SLPVectorizerPass::tryToVectorize,SLPVectorizerPass::vectorizeChainsInBlock,SLPVectorizerPass::vectorizeCmpInsts,SLPVectorizerPass::vectorizeHorReduction,SLPVectorizerPass::vectorizeInsertElementInst,SLPVectorizerPass::vectorizeInserts,SLPVectorizerPass::vectorizeStoreChain,SLPVectorizerPass::vectorizeStoreChains,SLPVectorizerPass::vectorizeStores,vectorizeChainsInBlock::lambda,vectorizeStoreChains::lambda,vectorizeStores::lambda,vectorizeStores::sort_internals
19	14	split_seeds/SLPVectorizer__crash_lencod-inseltpoison.dct36.ll	PassModel::run,SLPVectorizerPass::collectSeedInstructions,SLPVectorizerPass::run,SLPVectorizerPass::runImpl,SLPVectorizerPass::tryToVectorize,SLPVectorizerPass::tryToVectorizeList,SLPVectorizerPass::vectorizeChainsInBlock,SLPVectorizerPass::vectorizeCmpInsts,SLPVectorizerPass::vectorizeHorReduction,SLPVectorizerPass::vectorizeInserts,SLPVectorizerPass::vectorizeRootInstruction,SLPVectorizerPass::vectorizeStoreChains,tryToVectorize::lambda,vectorizeChainsInBlock::lambda
18	9	split_seeds/SLPVectorizer__buildvector-shuffle-with-root.test.ll	PassModel::run,SLPVectorizerPass::collectSeedInstructions,SLPVectorizerPass::run,SLPVectorizerPass::runImpl,SLPVectorizerPass::vectorizeChainsInBlock,SLPVectorizerPass::vectorizeCmpInsts,SLPVectorizerPass::vectorizeInserts,SLPVectorizerPass::vectorizeStoreChains,vectorizeChainsInBlock::lambda
17	12	split_seeds/SLPVectorizer__alternate-non-profitable.test_fdiv.ll	PassModel::run,SLPVectorizerPass::collectSeedInstructions,SLPVectorizerPass::run,SLPVectorizerPass::runImpl,SLPVectorizerPass::tryToVectorize,SLPVectorizerPass::vectorizeChainsInBlock,SLPVectorizerPass::vectorizeCmpInsts,SLPVectorizerPass::vectorizeHorReduction,SLPVectorizerPass::vectorizeInsertElementInst,SLPVectorizerPass::vectorizeInserts,SLPVectorizerPass::vectorizeRootInstruction,vectorizeChainsInBlock::lambda
17	14	split_seeds/SLPVectorizer__compare-node-with-reuses.test_inc_1.ll	PassModel::run,SLPVectorizerPass::collectSeedInstructions,SLPVectorizerPass::run,SLPVectorizerPass::runImpl,SLPVectorizerPass::tryToVectorize,SLPVectorizerPass::tryToVectorizeList,SLPVectorizerPass::vectorizeChainsInBlock,SLPVectorizerPass::vectorizeCmpInsts,SLPVectorizerPass::vectorizeHorReduction,SLPVectorizerPass::vectorizeInsertElementInst,SLPVectorizerPass::vectorizeInserts,SLPVectorizerPass::vectorizeRootInstruction,tryToVectorizeList::lambda,vectorizeChainsInBlock::lambda
16	12	split_seeds/SLPVectorizer__basic-strided-stores.constant_stride_0.ll	PassModel::run,SLPVectorizerPass::collectSeedInstructions,SLPVectorizerPass::run,SLPVectorizerPass::runImpl,SLPVectorizerPass::tryToVectorize,SLPVectorizerPass::vectorizeChainsInBlock,SLPVectorizerPass::vectorizeCmpInsts,SLPVectorizerPass::vectorizeHorReduction,SLPVectorizerPass::vectorizeInserts,SLPVectorizerPass::vectorizeRootInstruction,SLPVectorizerPass::vectorizeStoreChains,vectorizeChainsInBlock::lambda
15	16	split_seeds/SLPVectorizer__external-use-icmp.foo.ll	PassModel::run,SLPVectorizerPass::collectSeedInstructions,SLPVectorizerPass::run,SLPVectorizerPass::runImpl,SLPVectorizerPass::tryToVectorize,SLPVectorizerPass::tryToVectorizeList,SLPVectorizerPass::vectorizeChainsInBlock,SLPVectorizerPass::vectorizeCmpInsts,SLPVectorizerPass::vectorizeHorReduction,SLPVectorizerPass::vectorizeInserts,SLPVectorizerPass::vectorizeRootInstruction,tryToVectorize::lambda,tryToVectorizeList::lambda,vectorizeChainsInBlock::lambda,vectorizeCmpInsts::lambda,vectorizeCmpInsts::sort_internals
14	18	split_seeds/SLPVectorizer__copyable_reorder.test_add_mul_commuted.ll	PassModel::run,SLPVectorizerPass::collectSeedInstructions,SLPVectorizerPass::run,SLPVectorizerPass::runImpl,SLPVectorizerPass::tryToVectorizeList,SLPVectorizerPass::vectorizeChainsInBlock,SLPVectorizerPass::vectorizeCmpInsts,SLPVectorizerPass::vectorizeHorReduction,SLPVectorizerPass::vectorizeInsertElementInst,SLPVectorizerPass::vectorizeInserts,SLPVectorizerPass::vectorizeStoreChain,SLPVectorizerPass::vectorizeStoreChains,SLPVectorizerPass::vectorizeStores,tryToVectorizeList::lambda,vectorizeChainsInBlock::lambda,vectorizeStoreChains::lambda,vectorizeStores::lambda,vectorizeStores::sort_internals
13	12	split_seeds/SLPVectorizer__alternate-non-profitable.replace_through_binop_fail_cant_speculate.ll	PassModel::run,SLPVectorizerPass::collectSeedInstructions,SLPVectorizerPass::run,SLPVectorizerPass::runImpl,SLPVectorizerPass::tryToVectorize,SLPVectorizerPass::tryToVectorizeList,SLPVectorizerPass::vectorizeChainsInBlock,SLPVectorizerPass::vectorizeCmpInsts,SLPVectorizerPass::vectorizeHorReduction,SLPVectorizerPass::vectorizeInsertElementInst,SLPVectorizerPass::vectorizeInserts,vectorizeChainsInBlock::lambda
13	19	split_seeds/SLPVectorizer__gather-cost.gather_load.ll	PassModel::run,SLPVectorizerPass::collectSeedInstructions,SLPVectorizerPass::run,SLPVectorizerPass::runImpl,SLPVectorizerPass::tryToVectorize,SLPVectorizerPass::tryToVectorizeList,SLPVectorizerPass::vectorizeChainsInBlock,SLPVectorizerPass::vectorizeCmpInsts,SLPVectorizerPass::vectorizeHorReduction,SLPVectorizerPass::vectorizeInsertElementInst,SLPVectorizerPass::vectorizeInserts,SLPVectorizerPass::vectorizeStoreChain,SLPVectorizerPass::vectorizeStoreChains,SLPVectorizerPass::vectorizeStores,tryToVectorizeList::lambda,vectorizeChainsInBlock::lambda,vectorizeStoreChains::lambda,vectorizeStores::lambda,vectorizeStores::sort_internals
12	15	split_seeds/SLPVectorizer__buildvector-float-and-extract-lane1.test.ll	PassModel::run,SLPVectorizerPass::collectSeedInstructions,SLPVectorizerPass::run,SLPVectorizerPass::runImpl,SLPVectorizerPass::tryToVectorize,SLPVectorizerPass::tryToVectorizeList,SLPVectorizerPass::vectorizeChainsInBlock,SLPVectorizerPass::vectorizeCmpInsts,SLPVectorizerPass::vectorizeHorReduction,SLPVectorizerPass::vectorizeInserts,SLPVectorizerPass::vectorizeRootInstruction,SLPVectorizerPass::vectorizeStoreChains,tryToVectorize::lambda,tryToVectorizeList::lambda,vectorizeChainsInBlock::lambda
12	16	split_seeds/SLPVectorizer__jumbled-load-multiuse.fn1.ll	PassModel::run,SLPVectorizerPass::collectSeedInstructions,SLPVectorizerPass::run,SLPVectorizerPass::runImpl,SLPVectorizerPass::tryToVectorize,SLPVectorizerPass::vectorizeChainsInBlock,SLPVectorizerPass::vectorizeCmpInsts,SLPVectorizerPass::vectorizeHorReduction,SLPVectorizerPass::vectorizeInserts,SLPVectorizerPass::vectorizeStoreChain,SLPVectorizerPass::vectorizeStoreChains,SLPVectorizerPass::vectorizeStores,vectorizeChainsInBlock::lambda,vectorizeStoreChains::lambda,vectorizeStores::lambda,vectorizeStores::sort_internals
11	16	split_seeds/SLPVectorizer__barriercall.foo.ll	PassModel::run,SLPVectorizerPass::collectSeedInstructions,SLPVectorizerPass::run,SLPVectorizerPass::runImpl,SLPVectorizerPass::vectorizeChainsInBlock,SLPVectorizerPass::vectorizeCmpInsts,SLPVectorizerPass::vectorizeHorReduction,SLPVectorizerPass::vectorizeInsertElementInst,SLPVectorizerPass::vectorizeInserts,SLPVectorizerPass::vectorizeStoreChain,SLPVectorizerPass::vectorizeStoreChains,SLPVectorizerPass::vectorizeStores,vectorizeChainsInBlock::lambda,vectorizeStoreChains::lambda,vectorizeStores::lambda,vectorizeStores::sort_internals
11	15	split_seeds/SLPVectorizer__extractelements-subnodes-same-index.test.ll	PassModel::run,SLPVectorizerPass::collectSeedInstructions,SLPVectorizerPass::run,SLPVectorizerPass::runImpl,SLPVectorizerPass::tryToVectorize,SLPVectorizerPass::tryToVectorizeList,SLPVectorizerPass::vectorizeChainsInBlock,SLPVectorizerPass::vectorizeCmpInsts,SLPVectorizerPass::vectorizeHorReduction,SLPVectorizerPass::vectorizeInsertElementInst,SLPVectorizerPass::vectorizeInserts,SLPVectorizerPass::vectorizeRootInstruction,tryToVectorize::lambda,tryToVectorizeList::lambda,vectorizeChainsInBlock::lambda
9	17	split_seeds/SLPVectorizer__external-reduced-value-vectorized.test.ll	PassModel::run,SLPVectorizerPass::collectSeedInstructions,SLPVectorizerPass::run,SLPVectorizerPass::runImpl,SLPVectorizerPass::tryToVectorize,SLPVectorizerPass::tryToVectorizeList,SLPVectorizerPass::vectorizeChainsInBlock,SLPVectorizerPass::vectorizeCmpInsts,SLPVectorizerPass::vectorizeHorReduction,SLPVectorizerPass::vectorizeInserts,SLPVectorizerPass::vectorizeRootInstruction,SLPVectorizerPass::vectorizeStoreChains,tryToVectorize::lambda,tryToVectorizeList::lambda,vectorizeChainsInBlock::lambda,vectorizeCmpInsts::lambda,vectorizeCmpInsts::sort_internals
8	15	split_seeds/SLPVectorizer__bool-logical-op-reduction-with-poison.test.ll	PassModel::run,SLPVectorizerPass::collectSeedInstructions,SLPVectorizerPass::run,SLPVectorizerPass::runImpl,SLPVectorizerPass::tryToVectorize,SLPVectorizerPass::tryToVectorizeList,SLPVectorizerPass::vectorizeChainsInBlock,SLPVectorizerPass::vectorizeCmpInsts,SLPVectorizerPass::vectorizeHorReduction,SLPVectorizerPass::vectorizeInserts,SLPVectorizerPass::vectorizeRootInstruction,tryToVectorizeList::lambda,vectorizeChainsInBlock::lambda,vectorizeCmpInsts::lambda,vectorizeCmpInsts::sort_internals
8	15	split_seeds/SLPVectorizer__exp2-vectorize.exp2_combine.ll	PassModel::run,SLPVectorizerPass::collectSeedInstructions,SLPVectorizerPass::run,SLPVectorizerPass::runImpl,SLPVectorizerPass::vectorizeChainsInBlock,SLPVectorizerPass::vectorizeCmpInsts,SLPVectorizerPass::vectorizeGEPIndices,SLPVectorizerPass::vectorizeInserts,SLPVectorizerPass::vectorizeStoreChain,SLPVectorizerPass::vectorizeStoreChains,SLPVectorizerPass::vectorizeStores,vectorizeChainsInBlock::lambda,vectorizeStoreChains::lambda,vectorizeStores::lambda,vectorizeStores::sort_internals
7	15	split_seeds/SLPVectorizer__complex-loads.test.ll	PassModel::run,SLPVectorizerPass::collectSeedInstructions,SLPVectorizerPass::run,SLPVectorizerPass::runImpl,SLPVectorizerPass::tryToVectorize,SLPVectorizerPass::tryToVectorizeList,SLPVectorizerPass::vectorizeChainsInBlock,SLPVectorizerPass::vectorizeCmpInsts,SLPVectorizerPass::vectorizeGEPIndices,SLPVectorizerPass::vectorizeHorReduction,SLPVectorizerPass::vectorizeInserts,SLPVectorizerPass::vectorizeRootInstruction,tryToVectorize::lambda,tryToVectorizeList::lambda,vectorizeChainsInBlock::lambda
6	12	split_seeds/SLPVectorizer__ashr-node-with-poison.test.ll	PassModel::run,SLPVectorizerPass::collectSeedInstructions,SLPVectorizerPass::run,SLPVectorizerPass::runImpl,SLPVectorizerPass::vectorizeChainsInBlock,SLPVectorizerPass::vectorizeCmpInsts,SLPVectorizerPass::vectorizeInserts,SLPVectorizerPass::vectorizeStoreChains,SLPVectorizerPass::vectorizeStores,vectorizeChainsInBlock::lambda,vectorizeStoreChains::lambda,vectorizeStores::lambda
5	15	split_seeds/SLPVectorizer__buildvector-reused-with-bv-subvector.test.ll	PassModel::run,SLPVectorizerPass::collectSeedInstructions,SLPVectorizerPass::run,SLPVectorizerPass::runImpl,SLPVectorizerPass::tryToVectorize,SLPVectorizerPass::tryToVectorizeList,SLPVectorizerPass::vectorizeChainsInBlock,SLPVectorizerPass::vectorizeCmpInsts,SLPVectorizerPass::vectorizeHorReduction,SLPVectorizerPass::vectorizeInserts,SLPVectorizerPass::vectorizeRootInstruction,tryToVectorize::lambda,vectorizeChainsInBlock::lambda,vectorizeCmpInsts::lambda,vectorizeCmpInsts::sort_internals
5	16	split_seeds/SLPVectorizer__consecutive-access.foo_2double.ll	PassModel::run,SLPVectorizerPass::collectSeedInstructions,SLPVectorizerPass::run,SLPVectorizerPass::runImpl,SLPVectorizerPass::vectorizeChainsInBlock,SLPVectorizerPass::vectorizeCmpInsts,SLPVectorizerPass::vectorizeGEPIndices,SLPVectorizerPass::vectorizeInserts,SLPVectorizerPass::vectorizeStoreChain,SLPVectorizerPass::vectorizeStoreChains,SLPVectorizerPass::vectorizeStores,vectorizeChainsInBlock::lambda,vectorizeGEPIndices::lambda,vectorizeStoreChains::lambda,vectorizeStores::lambda,vectorizeStores::sort_internals
5	20	split_seeds/SLPVectorizer__entry-no-bundle-but-extra-use-on-vec.test.ll	PassModel::run,SLPVectorizerPass::collectSeedInstructions,SLPVectorizerPass::run,SLPVectorizerPass::runImpl,SLPVectorizerPass::tryToVectorize,SLPVectorizerPass::tryToVectorizeList,SLPVectorizerPass::vectorizeChainsInBlock,SLPVectorizerPass::vectorizeCmpInsts,SLPVectorizerPass::vectorizeHorReduction,SLPVectorizerPass::vectorizeInsertElementInst,SLPVectorizerPass::vectorizeInserts,SLPVectorizerPass::vectorizeRootInstruction,SLPVectorizerPass::vectorizeStoreChain,SLPVectorizerPass::vectorizeStoreChains,SLPVectorizerPass::vectorizeStores,tryToVectorizeList::lambda,vectorizeChainsInBlock::lambda,vectorizeStoreChains::lambda,vectorizeStores::lambda,vectorizeStores::sort_internals
5	19	split_seeds/SLPVectorizer__flag.rollable.ll	PassModel::run,SLPVectorizerPass::collectSeedInstructions,SLPVectorizerPass::run,SLPVectorizerPass::runImpl,SLPVectorizerPass::tryToVectorize,SLPVectorizerPass::vectorizeChainsInBlock,SLPVectorizerPass::vectorizeCmpInsts,SLPVectorizerPass::vectorizeGEPIndices,SLPVectorizerPass::vectorizeHorReduction,SLPVectorizerPass::vectorizeInserts,SLPVectorizerPass::vectorizeRootInstruction,SLPVectorizerPass::vectorizeStoreChain,SLPVectorizerPass::vectorizeStoreChains,SLPVectorizerPass::vectorizeStores,vectorizeChainsInBlock::lambda,vectorizeGEPIndices::lambda,vectorizeStoreChains::lambda,vectorizeStores::lambda,vectorizeStores::sort_internals
4	11	split_seeds/SLPVectorizer__crash_extract_subvector_cost.uadd_sat_v9i16_combine_vi16.ll	PassModel::run,SLPVectorizerPass::collectSeedInstructions,SLPVectorizerPass::run,SLPVectorizerPass::runImpl,SLPVectorizerPass::tryToVectorize,SLPVectorizerPass::vectorizeChainsInBlock,SLPVectorizerPass::vectorizeCmpInsts,SLPVectorizerPass::vectorizeHorReduction,SLPVectorizerPass::vectorizeInsertElementInst,SLPVectorizerPass::vectorizeInserts,vectorizeChainsInBlock::lambda
4	16	split_seeds/SLPVectorizer__getelementptr.getelementptr_2x32.ll	PassModel::run,SLPVectorizerPass::collectSeedInstructions,SLPVectorizerPass::run,SLPVectorizerPass::runImpl,SLPVectorizerPass::tryToVectorize,SLPVectorizerPass::tryToVectorizeList,SLPVectorizerPass::vectorizeChainsInBlock,SLPVectorizerPass::vectorizeCmpInsts,SLPVectorizerPass::vectorizeGEPIndices,SLPVectorizerPass::vectorizeHorReduction,SLPVectorizerPass::vectorizeInserts,SLPVectorizerPass::vectorizeRootInstruction,tryToVectorize::lambda,tryToVectorizeList::lambda,vectorizeChainsInBlock::lambda,vectorizeGEPIndices::lambda
4	12	split_seeds/SLPVectorizer__pr42022-inseltpoison.StructOfVectors.ll	PassModel::run,SLPVectorizerPass::collectSeedInstructions,SLPVectorizerPass::run,SLPVectorizerPass::runImpl,SLPVectorizerPass::tryToVectorize,SLPVectorizerPass::tryToVectorizeList,SLPVectorizerPass::vectorizeChainsInBlock,SLPVectorizerPass::vectorizeCmpInsts,SLPVectorizerPass::vectorizeHorReduction,SLPVectorizerPass::vectorizeInserts,SLPVectorizerPass::vectorizeInsertValueInst,vectorizeChainsInBlock::lambda
4	20	split_seeds/SLPVectorizer__tiny-tree.tiny_tree_fully_vectorizable2.ll	PassModel::run,SLPVectorizerPass::collectSeedInstructions,SLPVectorizerPass::run,SLPVectorizerPass::runImpl,SLPVectorizerPass::tryToVectorize,SLPVectorizerPass::tryToVectorizeList,SLPVectorizerPass::vectorizeChainsInBlock,SLPVectorizerPass::vectorizeCmpInsts,SLPVectorizerPass::vectorizeGEPIndices,SLPVectorizerPass::vectorizeHorReduction,SLPVectorizerPass::vectorizeInserts,SLPVectorizerPass::vectorizeRootInstruction,SLPVectorizerPass::vectorizeStoreChain,SLPVectorizerPass::vectorizeStoreChains,SLPVectorizerPass::vectorizeStores,tryToVectorizeList::lambda,vectorizeChainsInBlock::lambda,vectorizeStoreChains::lambda,vectorizeStores::lambda,vectorizeStores::sort_internals
3	17	split_seeds/SLPVectorizer__basic-strided-loads.rt_stride_1_no_reordering.ll	PassModel::run,SLPVectorizerPass::collectSeedInstructions,SLPVectorizerPass::run,SLPVectorizerPass::runImpl,SLPVectorizerPass::tryToVectorizeList,SLPVectorizerPass::vectorizeChainsInBlock,SLPVectorizerPass::vectorizeCmpInsts,SLPVectorizerPass::vectorizeGEPIndices,SLPVectorizerPass::vectorizeInserts,SLPVectorizerPass::vectorizeStoreChain,SLPVectorizerPass::vectorizeStoreChains,SLPVectorizerPass::vectorizeStores,vectorizeChainsInBlock::lambda,vectorizeGEPIndices::lambda,vectorizeStoreChains::lambda,vectorizeStores::lambda,vectorizeStores::sort_internals
3	15	split_seeds/SLPVectorizer__commutativity.same_opcode_on_one_side.ll	PassModel::run,SLPVectorizerPass::collectSeedInstructions,SLPVectorizerPass::run,SLPVectorizerPass::runImpl,SLPVectorizerPass::vectorizeChainsInBlock,SLPVectorizerPass::vectorizeCmpInsts,SLPVectorizerPass::vectorizeInserts,SLPVectorizerPass::vectorizeStoreChain,SLPVectorizerPass::vectorizeStoreChains,SLPVectorizerPass::vectorizeStores,vectorizeChainsInBlock::lambda,vectorizeStoreChain::lambda,vectorizeStoreChains::lambda,vectorizeStores::lambda,vectorizeStores::sort_internals
3	14	split_seeds/SLPVectorizer__consecutive-access.bar.ll	PassModel::run,SLPVectorizerPass::collectSeedInstructions,SLPVectorizerPass::run,SLPVectorizerPass::runImpl,SLPVectorizerPass::tryToVectorize,SLPVectorizerPass::tryToVectorizeList,SLPVectorizerPass::vectorizeChainsInBlock,SLPVectorizerPass::vectorizeCmpInsts,SLPVectorizerPass::vectorizeGEPIndices,SLPVectorizerPass::vectorizeHorReduction,SLPVectorizerPass::vectorizeInserts,SLPVectorizerPass::vectorizeRootInstruction,vectorizeChainsInBlock::lambda,vectorizeGEPIndices::lambda
3	14	split_seeds/SLPVectorizer__consecutive-access.foo_loop.ll	PassModel::run,SLPVectorizerPass::collectSeedInstructions,SLPVectorizerPass::run,SLPVectorizerPass::runImpl,SLPVectorizerPass::tryToVectorize,SLPVectorizerPass::tryToVectorizeList,SLPVectorizerPass::vectorizeChainsInBlock,SLPVectorizerPass::vectorizeCmpInsts,SLPVectorizerPass::vectorizeGEPIndices,SLPVectorizerPass::vectorizeHorReduction,SLPVectorizerPass::vectorizeInserts,SLPVectorizerPass::vectorizeRootInstruction,tryToVectorize::lambda,vectorizeChainsInBlock::lambda
3	15	split_seeds/SLPVectorizer__cross_block_slp.foo.ll	PassModel::run,SLPVectorizerPass::collectSeedInstructions,SLPVectorizerPass::run,SLPVectorizerPass::runImpl,SLPVectorizerPass::tryToVectorize,SLPVectorizerPass::vectorizeChainsInBlock,SLPVectorizerPass::vectorizeCmpInsts,SLPVectorizerPass::vectorizeInserts,SLPVectorizerPass::vectorizeStoreChain,SLPVectorizerPass::vectorizeStoreChains,SLPVectorizerPass::vectorizeStores,vectorizeChainsInBlock::lambda,vectorizeStoreChains::lambda,vectorizeStores::lambda,vectorizeStores::sort_internals
3	20	split_seeds/SLPVectorizer__debug-counter.blam.ll	PassModel::run,SLPVectorizerPass::collectSeedInstructions,SLPVectorizerPass::run,SLPVectorizerPass::runImpl,SLPVectorizerPass::tryToVectorize,SLPVectorizerPass::tryToVectorizeList,SLPVectorizerPass::vectorizeChainsInBlock,SLPVectorizerPass::vectorizeCmpInsts,SLPVectorizerPass::vectorizeHorReduction,SLPVectorizerPass::vectorizeInserts,SLPVectorizerPass::vectorizeStoreChain,SLPVectorizerPass::vectorizeStoreChains,SLPVectorizerPass::vectorizeStores,tryToVectorize::lambda,vectorizeChainsInBlock::lambda,vectorizeCmpInsts::lambda,vectorizeCmpInsts::sort_internals,vectorizeStoreChains::lambda,vectorizeStores::lambda,vectorizeStores::sort_internals
3	18	split_seeds/SLPVectorizer__diamond.extr_user1.ll	PassModel::run,SLPVectorizerPass::collectSeedInstructions,SLPVectorizerPass::run,SLPVectorizerPass::runImpl,SLPVectorizerPass::tryToVectorize,SLPVectorizerPass::vectorizeChainsInBlock,SLPVectorizerPass::vectorizeCmpInsts,SLPVectorizerPass::vectorizeHorReduction,SLPVectorizerPass::vectorizeInsertElementInst,SLPVectorizerPass::vectorizeInserts,SLPVectorizerPass::vectorizeRootInstruction,SLPVectorizerPass::vectorizeStoreChain,SLPVectorizerPass::vectorizeStoreChains,SLPVectorizerPass::vectorizeStores,vectorizeChainsInBlock::lambda,vectorizeStoreChains::lambda,vectorizeStores::lambda,vectorizeStores::sort_internals
3	14	split_seeds/SLPVectorizer__reduction-bool-logic-op-inside.test1.ll	PassModel::run,SLPVectorizerPass::collectSeedInstructions,SLPVectorizerPass::run,SLPVectorizerPass::runImpl,SLPVectorizerPass::tryToVectorize,SLPVectorizerPass::tryToVectorizeList,SLPVectorizerPass::vectorizeChainsInBlock,SLPVectorizerPass::vectorizeCmpInsts,SLPVectorizerPass::vectorizeHorReduction,SLPVectorizerPass::vectorizeInserts,SLPVectorizerPass::vectorizeRootInstruction,vectorizeChainsInBlock::lambda,vectorizeCmpInsts::lambda,vectorizeCmpInsts::sort_internals
2	16	split_seeds/SLPVectorizer__alternate-vectorization-split-node.test.ll	PassModel::run,SLPVectorizerPass::collectSeedInstructions,SLPVectorizerPass::run,SLPVectorizerPass::runImpl,SLPVectorizerPass::tryToVectorize,SLPVectorizerPass::vectorizeChainsInBlock,SLPVectorizerPass::vectorizeCmpInsts,SLPVectorizerPass::vectorizeHorReduction,SLPVectorizerPass::vectorizeInserts,SLPVectorizerPass::vectorizeRootInstruction,SLPVectorizerPass::vectorizeStoreChains,SLPVectorizerPass::vectorizeStores,vectorizeChainsInBlock::lambda,vectorizeStoreChains::lambda,vectorizeStores::lambda,vectorizeStores::sort_internals
2	19	split_seeds/SLPVectorizer__buildvector-all-external-scalars.test.ll	PassModel::run,SLPVectorizerPass::collectSeedInstructions,SLPVectorizerPass::run,SLPVectorizerPass::runImpl,SLPVectorizerPass::tryToVectorize,SLPVectorizerPass::tryToVectorizeList,SLPVectorizerPass::vectorizeChainsInBlock,SLPVectorizerPass::vectorizeCmpInsts,SLPVectorizerPass::vectorizeHorReduction,SLPVectorizerPass::vectorizeInserts,SLPVectorizerPass::vectorizeRootInstruction,SLPVectorizerPass::vectorizeStoreChain,SLPVectorizerPass::vectorizeStoreChains,SLPVectorizerPass::vectorizeStores,tryToVectorize::lambda,vectorizeChainsInBlock::lambda,vectorizeStoreChains::lambda,vectorizeStores::lambda,vectorizeStores::sort_internals
2	18	split_seeds/SLPVectorizer__check-node-without-vector-user.test.ll	PassModel::run,SLPVectorizerPass::collectSeedInstructions,SLPVectorizerPass::run,SLPVectorizerPass::runImpl,SLPVectorizerPass::tryToVectorize,SLPVectorizerPass::tryToVectorizeList,SLPVectorizerPass::vectorizeChainsInBlock,SLPVectorizerPass::vectorizeCmpInsts,SLPVectorizerPass::vectorizeGEPIndices,SLPVectorizerPass::vectorizeHorReduction,SLPVectorizerPass::vectorizeInserts,SLPVectorizerPass::vectorizeRootInstruction,SLPVectorizerPass::vectorizeStoreChains,tryToVectorize::lambda,tryToVectorizeList::lambda,vectorizeChainsInBlock::lambda,vectorizeCmpInsts::lambda,vectorizeCmpInsts::sort_internals
2	12	split_seeds/SLPVectorizer__div-like-mixed-with-undefs.test.ll	PassModel::run,SLPVectorizerPass::collectSeedInstructions,SLPVectorizerPass::run,SLPVectorizerPass::runImpl,SLPVectorizerPass::tryToVectorize,SLPVectorizerPass::vectorizeChainsInBlock,SLPVectorizerPass::vectorizeCmpInsts,SLPVectorizerPass::vectorizeGEPIndices,SLPVectorizerPass::vectorizeHorReduction,SLPVectorizerPass::vectorizeInserts,SLPVectorizerPass::vectorizeRootInstruction,vectorizeChainsInBlock::lambda
2	12	split_seeds/SLPVectorizer__dot-product.dot2f32_fast.ll	PassModel::run,SLPVectorizerPass::collectSeedInstructions,SLPVectorizerPass::run,SLPVectorizerPass::runImpl,SLPVectorizerPass::tryToVectorize,SLPVectorizerPass::vectorizeChainsInBlock,SLPVectorizerPass::vectorizeCmpInsts,SLPVectorizerPass::vectorizeHorReduction,SLPVectorizerPass::vectorizeInserts,SLPVectorizerPass::vectorizeRootInstruction,tryToVectorize::lambda,vectorizeChainsInBlock::lambda
2	11	split_seeds/SLPVectorizer__external_user_jumbled_load.hoge.ll	PassModel::run,SLPVectorizerPass::collectSeedInstructions,SLPVectorizerPass::run,SLPVectorizerPass::runImpl,SLPVectorizerPass::tryToVectorizeList,SLPVectorizerPass::vectorizeChainsInBlock,SLPVectorizerPass::vectorizeCmpInsts,SLPVectorizerPass::vectorizeGEPIndices,SLPVectorizerPass::vectorizeInsertElementInst,SLPVectorizerPass::vectorizeInserts,vectorizeChainsInBlock::lambda
2	15	split_seeds/SLPVectorizer__full-overlap-non-schedulable.test.ll	PassModel::run,SLPVectorizerPass::collectSeedInstructions,SLPVectorizerPass::run,SLPVectorizerPass::runImpl,SLPVectorizerPass::tryToVectorize,SLPVectorizerPass::tryToVectorizeList,SLPVectorizerPass::vectorizeChainsInBlock,SLPVectorizerPass::vectorizeCmpInsts,SLPVectorizerPass::vectorizeHorReduction,SLPVectorizerPass::vectorizeInserts,SLPVectorizerPass::vectorizeRootInstruction,SLPVectorizerPass::vectorizeStoreChains,vectorizeChainsInBlock::lambda,vectorizeCmpInsts::lambda,vectorizeCmpInsts::sort_internals
2	9	split_seeds/SLPVectorizer__gather-nodes-different-bb.foo.ll	PassModel::run,SLPVectorizerPass::collectSeedInstructions,SLPVectorizerPass::run,SLPVectorizerPass::runImpl,SLPVectorizerPass::tryToVectorize,SLPVectorizerPass::vectorizeChainsInBlock,SLPVectorizerPass::vectorizeCmpInsts,SLPVectorizerPass::vectorizeInserts,vectorizeChainsInBlock::lambda
2	17	split_seeds/SLPVectorizer__horizontal.add_red.ll	PassModel::run,SLPVectorizerPass::collectSeedInstructions,SLPVectorizerPass::run,SLPVectorizerPass::runImpl,SLPVectorizerPass::tryToVectorize,SLPVectorizerPass::tryToVectorizeList,SLPVectorizerPass::vectorizeChainsInBlock,SLPVectorizerPass::vectorizeCmpInsts,SLPVectorizerPass::vectorizeGEPIndices,SLPVectorizerPass::vectorizeHorReduction,SLPVectorizerPass::vectorizeInsertElementInst,SLPVectorizerPass::vectorizeInserts,SLPVectorizerPass::vectorizeRootInstruction,tryToVectorize::lambda,tryToVectorizeList::lambda,vectorizeChainsInBlock::lambda,vectorizeGEPIndices::lambda
2	19	split_seeds/SLPVectorizer__loopinvariant.foo.ll	PassModel::run,SLPVectorizerPass::collectSeedInstructions,SLPVectorizerPass::run,SLPVectorizerPass::runImpl,SLPVectorizerPass::tryToVectorize,SLPVectorizerPass::vectorizeChainsInBlock,SLPVectorizerPass::vectorizeCmpInsts,SLPVectorizerPass::vectorizeGEPIndices,SLPVectorizerPass::vectorizeHorReduction,SLPVectorizerPass::vectorizeInsertElementInst,SLPVectorizerPass::vectorizeInserts,SLPVectorizerPass::vectorizeRootInstruction,SLPVectorizerPass::vectorizeStoreChain,SLPVectorizerPass::vectorizeStoreChains,SLPVectorizerPass::vectorizeStores,vectorizeChainsInBlock::lambda,vectorizeStoreChains::lambda,vectorizeStores::lambda,vectorizeStores::sort_internals
2	15	split_seeds/SLPVectorizer__many_stores.test.ll	PassModel::run,SLPVectorizerPass::collectSeedInstructions,SLPVectorizerPass::run,SLPVectorizerPass::runImpl,SLPVectorizerPass::tryToVectorize,SLPVectorizerPass::vectorizeChainsInBlock,SLPVectorizerPass::vectorizeCmpInsts,SLPVectorizerPass::vectorizeHorReduction,SLPVectorizerPass::vectorizeInserts,SLPVectorizerPass::vectorizeRootInstruction,SLPVectorizerPass::vectorizeStoreChains,SLPVectorizerPass::vectorizeStores,vectorizeChainsInBlock::lambda,vectorizeStoreChains::lambda,vectorizeStores::lambda
2	10	split_seeds/SLPVectorizer__non-inst-abs-sub-copyable-value.test.ll	PassModel::run,SLPVectorizerPass::collectSeedInstructions,SLPVectorizerPass::run,SLPVectorizerPass::runImpl,SLPVectorizerPass::tryToVectorize,SLPVectorizerPass::vectorizeChainsInBlock,SLPVectorizerPass::vectorizeCmpInsts,SLPVectorizerPass::vectorizeHorReduction,SLPVectorizerPass::vectorizeInserts,vectorizeChainsInBlock::lambda
2	14	split_seeds/SLPVectorizer__non-power-of-2-num-elems.test.ll	PassModel::run,SLPVectorizerPass::collectSeedInstructions,SLPVectorizerPass::run,SLPVectorizerPass::runImpl,SLPVectorizerPass::tryToVectorize,SLPVectorizerPass::tryToVectorizeList,SLPVectorizerPass::vectorizeChainsInBlock,SLPVectorizerPass::vectorizeCmpInsts,SLPVectorizerPass::vectorizeHorReduction,SLPVectorizerPass::vectorizeInserts,SLPVectorizerPass::vectorizeRootInstruction,SLPVectorizerPass::vectorizeStoreChains,tryToVectorizeList::lambda,vectorizeChainsInBlock::lambda
2	12	split_seeds/SLPVectorizer__operand-is-reduced-val.src.ll	PassModel::run,SLPVectorizerPass::collectSeedInstructions,SLPVectorizerPass::run,SLPVectorizerPass::runImpl,SLPVectorizerPass::tryToVectorize,SLPVectorizerPass::tryToVectorizeList,SLPVectorizerPass::vectorizeChainsInBlock,SLPVectorizerPass::vectorizeCmpInsts,SLPVectorizerPass::vectorizeHorReduction,SLPVectorizerPass::vectorizeInserts,SLPVectorizerPass::vectorizeRootInstruction,vectorizeChainsInBlock::lambda
2	20	split_seeds/SLPVectorizer__operandorder.good_load_order.ll	PassModel::run,SLPVectorizerPass::collectSeedInstructions,SLPVectorizerPass::run,SLPVectorizerPass::runImpl,SLPVectorizerPass::tryToVectorize,SLPVectorizerPass::vectorizeChainsInBlock,SLPVectorizerPass::vectorizeCmpInsts,SLPVectorizerPass::vectorizeGEPIndices,SLPVectorizerPass::vectorizeHorReduction,SLPVectorizerPass::vectorizeInsertElementInst,SLPVectorizerPass::vectorizeInserts,SLPVectorizerPass::vectorizeRootInstruction,SLPVectorizerPass::vectorizeStoreChain,SLPVectorizerPass::vectorizeStoreChains,SLPVectorizerPass::vectorizeStores,vectorizeChainsInBlock::lambda,vectorizeGEPIndices::lambda,vectorizeStoreChains::lambda,vectorizeStores::lambda,vectorizeStores::sort_internals
2	21	split_seeds/SLPVectorizer__stores_vectorize.store15.ll	PassModel::run,SLPVectorizerPass::collectSeedInstructions,SLPVectorizerPass::run,SLPVectorizerPass::runImpl,SLPVectorizerPass::tryToVectorize,SLPVectorizerPass::tryToVectorizeList,SLPVectorizerPass::vectorizeChainsInBlock,SLPVectorizerPass::vectorizeCmpInsts,SLPVectorizerPass::vectorizeGEPIndices,SLPVectorizerPass::vectorizeHorReduction,SLPVectorizerPass::vectorizeInserts,SLPVectorizerPass::vectorizeRootInstruction,SLPVectorizerPass::vectorizeStoreChain,SLPVectorizerPass::vectorizeStoreChains,SLPVectorizerPass::vectorizeStores,tryToVectorize::lambda,tryToVectorizeList::lambda,vectorizeChainsInBlock::lambda,vectorizeStoreChains::lambda,vectorizeStores::lambda,vectorizeStores::sort_internals
2	16	split_seeds/SLPVectorizer__strided-loads-based-reduction.test.ll	PassModel::run,SLPVectorizerPass::collectSeedInstructions,SLPVectorizerPass::run,SLPVectorizerPass::runImpl,SLPVectorizerPass::tryToVectorize,SLPVectorizerPass::tryToVectorizeList,SLPVectorizerPass::vectorizeChainsInBlock,SLPVectorizerPass::vectorizeCmpInsts,SLPVectorizerPass::vectorizeGEPIndices,SLPVectorizerPass::vectorizeHorReduction,SLPVectorizerPass::vectorizeInsertElementInst,SLPVectorizerPass::vectorizeInserts,SLPVectorizerPass::vectorizeRootInstruction,tryToVectorize::lambda,tryToVectorizeList::lambda,vectorizeChainsInBlock::lambda
2	21	split_seeds/SLPVectorizer__strided-loads-vectorized.test1.ll	PassModel::run,SLPVectorizerPass::collectSeedInstructions,SLPVectorizerPass::run,SLPVectorizerPass::runImpl,SLPVectorizerPass::tryToVectorize,SLPVectorizerPass::tryToVectorizeList,SLPVectorizerPass::vectorizeChainsInBlock,SLPVectorizerPass::vectorizeCmpInsts,SLPVectorizerPass::vectorizeGEPIndices,SLPVectorizerPass::vectorizeHorReduction,SLPVectorizerPass::vectorizeInsertElementInst,SLPVectorizerPass::vectorizeInserts,SLPVectorizerPass::vectorizeStoreChain,SLPVectorizerPass::vectorizeStoreChains,SLPVectorizerPass::vectorizeStores,tryToVectorizeList::lambda,vectorizeChainsInBlock::lambda,vectorizeGEPIndices::lambda,vectorizeStoreChains::lambda,vectorizeStores::lambda,vectorizeStores::sort_internals
2	18	split_seeds/SLPVectorizer__unordered-loads-operands.test.ll	PassModel::run,SLPVectorizerPass::collectSeedInstructions,SLPVectorizerPass::run,SLPVectorizerPass::runImpl,SLPVectorizerPass::tryToVectorize,SLPVectorizerPass::vectorizeChainsInBlock,SLPVectorizerPass::vectorizeCmpInsts,SLPVectorizerPass::vectorizeHorReduction,SLPVectorizerPass::vectorizeInsertElementInst,SLPVectorizerPass::vectorizeInserts,SLPVectorizerPass::vectorizeStoreChain,SLPVectorizerPass::vectorizeStoreChains,SLPVectorizerPass::vectorizeStores,vectorizeChainsInBlock::lambda,vectorizeStoreChain::lambda,vectorizeStoreChains::lambda,vectorizeStores::lambda,vectorizeStores::sort_internals
2	19	split_seeds/SLPVectorizer__unsigned-node-trunc-with-signed-users.test.ll	PassModel::run,SLPVectorizerPass::collectSeedInstructions,SLPVectorizerPass::run,SLPVectorizerPass::runImpl,SLPVectorizerPass::tryToVectorize,SLPVectorizerPass::tryToVectorizeList,SLPVectorizerPass::vectorizeChainsInBlock,SLPVectorizerPass::vectorizeCmpInsts,SLPVectorizerPass::vectorizeHorReduction,SLPVectorizerPass::vectorizeInsertElementInst,SLPVectorizerPass::vectorizeInserts,SLPVectorizerPass::vectorizeStoreChain,SLPVectorizerPass::vectorizeStoreChains,SLPVectorizerPass::vectorizeStores,tryToVectorize::lambda,vectorizeChainsInBlock::lambda,vectorizeStoreChains::lambda,vectorizeStores::lambda,vectorizeStores::sort_internals
1	10	split_seeds/SLPVectorizer__alternate-opcode-sindle-bv.test.ll	PassModel::run,SLPVectorizerPass::collectSeedInstructions,SLPVectorizerPass::run,SLPVectorizerPass::runImpl,SLPVectorizerPass::vectorizeChainsInBlock,SLPVectorizerPass::vectorizeCmpInsts,SLPVectorizerPass::vectorizeHorReduction,SLPVectorizerPass::vectorizeInsertElementInst,SLPVectorizerPass::vectorizeInserts,vectorizeChainsInBlock::lambda
1	13	split_seeds/SLPVectorizer__basic-strided-stores.constant_strides_variable_gap.ll	PassModel::run,SLPVectorizerPass::collectSeedInstructions,SLPVectorizerPass::run,SLPVectorizerPass::runImpl,SLPVectorizerPass::vectorizeChainsInBlock,SLPVectorizerPass::vectorizeCmpInsts,SLPVectorizerPass::vectorizeGEPIndices,SLPVectorizerPass::vectorizeInserts,SLPVectorizerPass::vectorizeStoreChains,SLPVectorizerPass::vectorizeStores,vectorizeChainsInBlock::lambda,vectorizeStoreChains::lambda,vectorizeStores::lambda
1	17	split_seeds/SLPVectorizer__cmp-ptr-minmax.test.ll	PassModel::run,SLPVectorizerPass::collectSeedInstructions,SLPVectorizerPass::run,SLPVectorizerPass::runImpl,SLPVectorizerPass::tryToVectorize,SLPVectorizerPass::tryToVectorizeList,SLPVectorizerPass::vectorizeChainsInBlock,SLPVectorizerPass::vectorizeCmpInsts,SLPVectorizerPass::vectorizeGEPIndices,SLPVectorizerPass::vectorizeHorReduction,SLPVectorizerPass::vectorizeInserts,tryToVectorize::lambda,tryToVectorizeList::lambda,vectorizeChainsInBlock::lambda,vectorizeCmpInsts::lambda,vectorizeCmpInsts::sort_internals,vectorizeGEPIndices::lambda
1	15	split_seeds/SLPVectorizer__compare-reduce.reduce_compare.ll	PassModel::run,SLPVectorizerPass::collectSeedInstructions,SLPVectorizerPass::run,SLPVectorizerPass::runImpl,SLPVectorizerPass::tryToVectorize,SLPVectorizerPass::tryToVectorizeList,SLPVectorizerPass::vectorizeChainsInBlock,SLPVectorizerPass::vectorizeCmpInsts,SLPVectorizerPass::vectorizeGEPIndices,SLPVectorizerPass::vectorizeHorReduction,SLPVectorizerPass::vectorizeInsertElementInst,SLPVectorizerPass::vectorizeInserts,SLPVectorizerPass::vectorizeRootInstruction,tryToVectorize::lambda,vectorizeChainsInBlock::lambda
1	15	split_seeds/SLPVectorizer__consecutive-access.foo_loop_non_power_of_2.ll	PassModel::run,SLPVectorizerPass::collectSeedInstructions,SLPVectorizerPass::run,SLPVectorizerPass::runImpl,SLPVectorizerPass::tryToVectorize,SLPVectorizerPass::tryToVectorizeList,SLPVectorizerPass::vectorizeChainsInBlock,SLPVectorizerPass::vectorizeCmpInsts,SLPVectorizerPass::vectorizeGEPIndices,SLPVectorizerPass::vectorizeHorReduction,SLPVectorizerPass::vectorizeInserts,SLPVectorizerPass::vectorizeRootInstruction,tryToVectorize::lambda,vectorizeChainsInBlock::lambda,vectorizeGEPIndices::lambda
1	17	split_seeds/SLPVectorizer__crash_cmpop.testfunc.ll	PassModel::run,SLPVectorizerPass::collectSeedInstructions,SLPVectorizerPass::run,SLPVectorizerPass::runImpl,SLPVectorizerPass::tryToVectorize,SLPVectorizerPass::tryToVectorizeList,SLPVectorizerPass::vectorizeChainsInBlock,SLPVectorizerPass::vectorizeCmpInsts,SLPVectorizerPass::vectorizeGEPIndices,SLPVectorizerPass::vectorizeHorReduction,SLPVectorizerPass::vectorizeInsertElementInst,SLPVectorizerPass::vectorizeInserts,SLPVectorizerPass::vectorizeRootInstruction,SLPVectorizerPass::vectorizeStoreChains,tryToVectorize::lambda,tryToVectorizeList::lambda,vectorizeChainsInBlock::lambda
1	20	split_seeds/SLPVectorizer__diamond_broadcast.diamond_broadcast.ll	PassModel::run,SLPVectorizerPass::collectSeedInstructions,SLPVectorizerPass::run,SLPVectorizerPass::runImpl,SLPVectorizerPass::tryToVectorize,SLPVectorizerPass::tryToVectorizeList,SLPVectorizerPass::vectorizeChainsInBlock,SLPVectorizerPass::vectorizeCmpInsts,SLPVectorizerPass::vectorizeHorReduction,SLPVectorizerPass::vectorizeInsertElementInst,SLPVectorizerPass::vectorizeInserts,SLPVectorizerPass::vectorizeStoreChain,SLPVectorizerPass::vectorizeStoreChains,SLPVectorizerPass::vectorizeStores,tryToVectorize::lambda,tryToVectorizeList::lambda,vectorizeChainsInBlock::lambda,vectorizeStoreChains::lambda,vectorizeStores::lambda,vectorizeStores::sort_internals
1	11	split_seeds/SLPVectorizer__empty-struct.test.ll	PassModel::run,SLPVectorizerPass::collectSeedInstructions,SLPVectorizerPass::run,SLPVectorizerPass::runImpl,SLPVectorizerPass::tryToVectorize,SLPVectorizerPass::vectorizeChainsInBlock,SLPVectorizerPass::vectorizeCmpInsts,SLPVectorizerPass::vectorizeHorReduction,SLPVectorizerPass::vectorizeInserts,SLPVectorizerPass::vectorizeInsertValueInst,vectorizeChainsInBlock::lambda
1	11	split_seeds/SLPVectorizer__external-shuffle.phi_4.ll	PassModel::run,SLPVectorizerPass::collectSeedInstructions,SLPVectorizerPass::run,SLPVectorizerPass::runImpl,SLPVectorizerPass::tryToVectorize,SLPVectorizerPass::tryToVectorizeList,SLPVectorizerPass::vectorizeChainsInBlock,SLPVectorizerPass::vectorizeCmpInsts,SLPVectorizerPass::vectorizeInsertElementInst,SLPVectorizerPass::vectorizeInserts,vectorizeChainsInBlock::lambda
1	20	split_seeds/SLPVectorizer__extractcost.foo.ll	PassModel::run,SLPVectorizerPass::collectSeedInstructions,SLPVectorizerPass::run,SLPVectorizerPass::runImpl,SLPVectorizerPass::tryToVectorize,SLPVectorizerPass::tryToVectorizeList,SLPVectorizerPass::vectorizeChainsInBlock,SLPVectorizerPass::vectorizeCmpInsts,SLPVectorizerPass::vectorizeHorReduction,SLPVectorizerPass::vectorizeInsertElementInst,SLPVectorizerPass::vectorizeInserts,SLPVectorizerPass::vectorizeRootInstruction,SLPVectorizerPass::vectorizeStoreChain,SLPVectorizerPass::vectorizeStoreChains,SLPVectorizerPass::vectorizeStores,tryToVectorize::lambda,vectorizeChainsInBlock::lambda,vectorizeStoreChains::lambda,vectorizeStores::lambda,vectorizeStores::sort_internals
1	13	split_seeds/SLPVectorizer__ext-trunc.test1.ll	PassModel::run,SLPVectorizerPass::collectSeedInstructions,SLPVectorizerPass::run,SLPVectorizerPass::runImpl,SLPVectorizerPass::tryToVectorize,SLPVectorizerPass::tryToVectorizeList,SLPVectorizerPass::vectorizeChainsInBlock,SLPVectorizerPass::vectorizeCmpInsts,SLPVectorizerPass::vectorizeGEPIndices,SLPVectorizerPass::vectorizeHorReduction,SLPVectorizerPass::vectorizeInserts,SLPVectorizerPass::vectorizeRootInstruction,vectorizeChainsInBlock::lambda
1	19	split_seeds/SLPVectorizer__funnel-shift-cost.foo.ll	PassModel::run,SLPVectorizerPass::collectSeedInstructions,SLPVectorizerPass::run,SLPVectorizerPass::runImpl,SLPVectorizerPass::tryToVectorize,SLPVectorizerPass::tryToVectorizeList,SLPVectorizerPass::vectorizeChainsInBlock,SLPVectorizerPass::vectorizeCmpInsts,SLPVectorizerPass::vectorizeHorReduction,SLPVectorizerPass::vectorizeInserts,SLPVectorizerPass::vectorizeRootInstruction,SLPVectorizerPass::vectorizeStoreChain,SLPVectorizerPass::vectorizeStoreChains,SLPVectorizerPass::vectorizeStores,tryToVectorizeList::lambda,vectorizeChainsInBlock::lambda,vectorizeStoreChains::lambda,vectorizeStores::lambda,vectorizeStores::sort_internals
1	20	split_seeds/SLPVectorizer__gathered-shuffle-resized.test.ll	PassModel::run,SLPVectorizerPass::collectSeedInstructions,SLPVectorizerPass::run,SLPVectorizerPass::runImpl,SLPVectorizerPass::tryToVectorize,SLPVectorizerPass::tryToVectorizeList,SLPVectorizerPass::vectorizeChainsInBlock,SLPVectorizerPass::vectorizeCmpInsts,SLPVectorizerPass::vectorizeHorReduction,SLPVectorizerPass::vectorizeInserts,SLPVectorizerPass::vectorizeRootInstruction,SLPVectorizerPass::vectorizeStoreChains,SLPVectorizerPass::vectorizeStores,tryToVectorizeList::lambda,vectorizeChainsInBlock::lambda,vectorizeCmpInsts::lambda,vectorizeCmpInsts::sort_internals,vectorizeStoreChains::lambda,vectorizeStores::lambda,vectorizeStores::sort_internals
1	13	split_seeds/SLPVectorizer__geps-non-pow-2.g.ll	PassModel::run,SLPVectorizerPass::collectSeedInstructions,SLPVectorizerPass::run,SLPVectorizerPass::runImpl,SLPVectorizerPass::tryToVectorize,SLPVectorizerPass::tryToVectorizeList,SLPVectorizerPass::vectorizeChainsInBlock,SLPVectorizerPass::vectorizeCmpInsts,SLPVectorizerPass::vectorizeHorReduction,SLPVectorizerPass::vectorizeInserts,SLPVectorizerPass::vectorizeRootInstruction,SLPVectorizerPass::vectorizeStoreChains,vectorizeChainsInBlock::lambda
1	22	split_seeds/SLPVectorizer__horizontal.foo.ll	PassModel::run,SLPVectorizerPass::collectSeedInstructions,SLPVectorizerPass::run,SLPVectorizerPass::runImpl,SLPVectorizerPass::tryToVectorize,SLPVectorizerPass::tryToVectorizeList,SLPVectorizerPass::vectorizeChainsInBlock,SLPVectorizerPass::vectorizeCmpInsts,SLPVectorizerPass::vectorizeGEPIndices,SLPVectorizerPass::vectorizeHorReduction,SLPVectorizerPass::vectorizeInsertElementInst,SLPVectorizerPass::vectorizeInserts,SLPVectorizerPass::vectorizeRootInstruction,SLPVectorizerPass::vectorizeStoreChain,SLPVectorizerPass::vectorizeStoreChains,SLPVectorizerPass::vectorizeStores,tryToVectorize::lambda,tryToVectorizeList::lambda,vectorizeChainsInBlock::lambda,vectorizeStoreChains::lambda,vectorizeStores::lambda,vectorizeStores::sort_internals
1	16	split_seeds/SLPVectorizer__horizontal.long_red.ll	PassModel::run,SLPVectorizerPass::collectSeedInstructions,SLPVectorizerPass::run,SLPVectorizerPass::runImpl,SLPVectorizerPass::tryToVectorize,SLPVectorizerPass::tryToVectorizeList,SLPVectorizerPass::vectorizeChainsInBlock,SLPVectorizerPass::vectorizeCmpInsts,SLPVectorizerPass::vectorizeGEPIndices,SLPVectorizerPass::vectorizeHorReduction,SLPVectorizerPass::vectorizeInsertElementInst,SLPVectorizerPass::vectorizeInserts,SLPVectorizerPass::vectorizeRootInstruction,tryToVectorizeList::lambda,vectorizeChainsInBlock::lambda,vectorizeGEPIndices::lambda
1	18	split_seeds/SLPVectorizer__horizontal.store_red_double.ll	PassModel::run,SLPVectorizerPass::collectSeedInstructions,SLPVectorizerPass::run,SLPVectorizerPass::runImpl,SLPVectorizerPass::tryToVectorize,SLPVectorizerPass::tryToVectorizeList,SLPVectorizerPass::vectorizeChainsInBlock,SLPVectorizerPass::vectorizeCmpInsts,SLPVectorizerPass::vectorizeGEPIndices,SLPVectorizerPass::vectorizeHorReduction,SLPVectorizerPass::vectorizeInsertElementInst,SLPVectorizerPass::vectorizeInserts,SLPVectorizerPass::vectorizeRootInstruction,SLPVectorizerPass::vectorizeStoreChains,tryToVectorize::lambda,tryToVectorizeList::lambda,vectorizeChainsInBlock::lambda,vectorizeGEPIndices::lambda
1	17	split_seeds/SLPVectorizer__horizontal.store_red.ll	PassModel::run,SLPVectorizerPass::collectSeedInstructions,SLPVectorizerPass::run,SLPVectorizerPass::runImpl,SLPVectorizerPass::tryToVectorize,SLPVectorizerPass::tryToVectorizeList,SLPVectorizerPass::vectorizeChainsInBlock,SLPVectorizerPass::vectorizeCmpInsts,SLPVectorizerPass::vectorizeGEPIndices,SLPVectorizerPass::vectorizeHorReduction,SLPVectorizerPass::vectorizeInsertElementInst,SLPVectorizerPass::vectorizeInserts,SLPVectorizerPass::vectorizeRootInstruction,SLPVectorizerPass::vectorizeStoreChains,tryToVectorizeList::lambda,vectorizeChainsInBlock::lambda,vectorizeGEPIndices::lambda
1	19	split_seeds/SLPVectorizer__insert-after-bundle.bar.ll	PassModel::run,SLPVectorizerPass::collectSeedInstructions,SLPVectorizerPass::run,SLPVectorizerPass::runImpl,SLPVectorizerPass::tryToVectorize,SLPVectorizerPass::tryToVectorizeList,SLPVectorizerPass::vectorizeChainsInBlock,SLPVectorizerPass::vectorizeCmpInsts,SLPVectorizerPass::vectorizeHorReduction,SLPVectorizerPass::vectorizeInsertElementInst,SLPVectorizerPass::vectorizeInserts,SLPVectorizerPass::vectorizeRootInstruction,SLPVectorizerPass::vectorizeStoreChain,SLPVectorizerPass::vectorizeStoreChains,SLPVectorizerPass::vectorizeStores,vectorizeChainsInBlock::lambda,vectorizeStoreChains::lambda,vectorizeStores::lambda,vectorizeStores::sort_internals
1	18	split_seeds/SLPVectorizer__insert-after-bundle.foo1.ll	PassModel::run,SLPVectorizerPass::collectSeedInstructions,SLPVectorizerPass::run,SLPVectorizerPass::runImpl,SLPVectorizerPass::tryToVectorize,SLPVectorizerPass::vectorizeChainsInBlock,SLPVectorizerPass::vectorizeCmpInsts,SLPVectorizerPass::vectorizeGEPIndices,SLPVectorizerPass::vectorizeHorReduction,SLPVectorizerPass::vectorizeInserts,SLPVectorizerPass::vectorizeRootInstruction,SLPVectorizerPass::vectorizeStoreChain,SLPVectorizerPass::vectorizeStoreChains,SLPVectorizerPass::vectorizeStores,vectorizeChainsInBlock::lambda,vectorizeStoreChains::lambda,vectorizeStores::lambda,vectorizeStores::sort_internals
1	16	split_seeds/SLPVectorizer__in-tree-user.in_tree_user.ll	PassModel::run,SLPVectorizerPass::collectSeedInstructions,SLPVectorizerPass::run,SLPVectorizerPass::runImpl,SLPVectorizerPass::tryToVectorize,SLPVectorizerPass::tryToVectorizeList,SLPVectorizerPass::vectorizeChainsInBlock,SLPVectorizerPass::vectorizeCmpInsts,SLPVectorizerPass::vectorizeGEPIndices,SLPVectorizerPass::vectorizeHorReduction,SLPVectorizerPass::vectorizeInsertElementInst,SLPVectorizerPass::vectorizeInserts,SLPVectorizerPass::vectorizeRootInstruction,SLPVectorizerPass::vectorizeStoreChains,tryToVectorize::lambda,vectorizeChainsInBlock::lambda
1	21	split_seeds/SLPVectorizer__jumbled-load-used-in-phi.phiUsingLoads.ll	PassModel::run,SLPVectorizerPass::collectSeedInstructions,SLPVectorizerPass::run,SLPVectorizerPass::runImpl,SLPVectorizerPass::tryToVectorize,SLPVectorizerPass::tryToVectorizeList,SLPVectorizerPass::vectorizeChainsInBlock,SLPVectorizerPass::vectorizeCmpInsts,SLPVectorizerPass::vectorizeGEPIndices,SLPVectorizerPass::vectorizeHorReduction,SLPVectorizerPass::vectorizeInserts,SLPVectorizerPass::vectorizeRootInstruction,SLPVectorizerPass::vectorizeStoreChain,SLPVectorizerPass::vectorizeStoreChains,SLPVectorizerPass::vectorizeStores,tryToVectorizeList::lambda,vectorizeChainsInBlock::lambda,vectorizeGEPIndices::lambda,vectorizeStoreChains::lambda,vectorizeStores::lambda,vectorizeStores::sort_internals
1	18	split_seeds/SLPVectorizer__loads-ordering.rephase.ll	PassModel::run,SLPVectorizerPass::collectSeedInstructions,SLPVectorizerPass::run,SLPVectorizerPass::runImpl,SLPVectorizerPass::tryToVectorize,SLPVectorizerPass::vectorizeChainsInBlock,SLPVectorizerPass::vectorizeCmpInsts,SLPVectorizerPass::vectorizeGEPIndices,SLPVectorizerPass::vectorizeHorReduction,SLPVectorizerPass::vectorizeInsertElementInst,SLPVectorizerPass::vectorizeInserts,SLPVectorizerPass::vectorizeStoreChain,SLPVectorizerPass::vectorizeStoreChains,SLPVectorizerPass::vectorizeStores,vectorizeChainsInBlock::lambda,vectorizeStoreChains::lambda,vectorizeStores::lambda,vectorizeStores::sort_internals
1	17	split_seeds/SLPVectorizer__memory-runtime-checks.gather_sequence_crash.ll	PassModel::run,SLPVectorizerPass::collectSeedInstructions,SLPVectorizerPass::run,SLPVectorizerPass::runImpl,SLPVectorizerPass::vectorizeChainsInBlock,SLPVectorizerPass::vectorizeCmpInsts,SLPVectorizerPass::vectorizeHorReduction,SLPVectorizerPass::vectorizeInsertElementInst,SLPVectorizerPass::vectorizeInserts,SLPVectorizerPass::vectorizeRootInstruction,SLPVectorizerPass::vectorizeStoreChain,SLPVectorizerPass::vectorizeStoreChains,SLPVectorizerPass::vectorizeStores,vectorizeChainsInBlock::lambda,vectorizeStoreChains::lambda,vectorizeStores::lambda,vectorizeStores::sort_internals
1	21	split_seeds/SLPVectorizer__minbitwidth-cast-node-length.test.ll	PassModel::run,SLPVectorizerPass::collectSeedInstructions,SLPVectorizerPass::run,SLPVectorizerPass::runImpl,SLPVectorizerPass::tryToVectorize,SLPVectorizerPass::tryToVectorizeList,SLPVectorizerPass::vectorizeChainsInBlock,SLPVectorizerPass::vectorizeCmpInsts,SLPVectorizerPass::vectorizeGEPIndices,SLPVectorizerPass::vectorizeHorReduction,SLPVectorizerPass::vectorizeInserts,SLPVectorizerPass::vectorizeStoreChains,SLPVectorizerPass::vectorizeStores,tryToVectorize::lambda,tryToVectorizeList::lambda,vectorizeChainsInBlock::lambda,vectorizeCmpInsts::lambda,vectorizeCmpInsts::sort_internals,vectorizeGEPIndices::lambda,vectorizeStoreChains::lambda,vectorizeStores::lambda
1	16	split_seeds/SLPVectorizer__minbitwidth-icmp-to-trunc.test.ll	PassModel::run,SLPVectorizerPass::collectSeedInstructions,SLPVectorizerPass::run,SLPVectorizerPass::runImpl,SLPVectorizerPass::tryToVectorize,SLPVectorizerPass::tryToVectorizeList,SLPVectorizerPass::vectorizeChainsInBlock,SLPVectorizerPass::vectorizeCmpInsts,SLPVectorizerPass::vectorizeHorReduction,SLPVectorizerPass::vectorizeInserts,SLPVectorizerPass::vectorizeStoreChains,tryToVectorize::lambda,tryToVectorizeList::lambda,vectorizeChainsInBlock::lambda,vectorizeCmpInsts::lambda,vectorizeCmpInsts::sort_internals
1	16	split_seeds/SLPVectorizer__mixed-extracts-types.test.ll	PassModel::run,SLPVectorizerPass::collectSeedInstructions,SLPVectorizerPass::run,SLPVectorizerPass::runImpl,SLPVectorizerPass::tryToVectorize,SLPVectorizerPass::tryToVectorizeList,SLPVectorizerPass::vectorizeChainsInBlock,SLPVectorizerPass::vectorizeCmpInsts,SLPVectorizerPass::vectorizeHorReduction,SLPVectorizerPass::vectorizeInserts,SLPVectorizerPass::vectorizeRootInstruction,SLPVectorizerPass::vectorizeStoreChains,tryToVectorizeList::lambda,vectorizeChainsInBlock::lambda,vectorizeCmpInsts::lambda,vectorizeCmpInsts::sort_internals
1	20	split_seeds/SLPVectorizer__notriviallyvectorizableintrinsicoperands.test_with_wmma.ll	PassModel::run,SLPVectorizerPass::collectSeedInstructions,SLPVectorizerPass::run,SLPVectorizerPass::runImpl,SLPVectorizerPass::tryToVectorize,SLPVectorizerPass::tryToVectorizeList,SLPVectorizerPass::vectorizeChainsInBlock,SLPVectorizerPass::vectorizeCmpInsts,SLPVectorizerPass::vectorizeHorReduction,SLPVectorizerPass::vectorizeInserts,SLPVectorizerPass::vectorizeRootInstruction,SLPVectorizerPass::vectorizeStoreChain,SLPVectorizerPass::vectorizeStoreChains,SLPVectorizerPass::vectorizeStores,tryToVectorize::lambda,tryToVectorizeList::lambda,vectorizeChainsInBlock::lambda,vectorizeStoreChains::lambda,vectorizeStores::lambda,vectorizeStores::sort_internals
1	10	split_seeds/SLPVectorizer__phi-node-bitwidt-op-not.test.ll	PassModel::run,SLPVectorizerPass::collectSeedInstructions,SLPVectorizerPass::run,SLPVectorizerPass::runImpl,SLPVectorizerPass::tryToVectorize,SLPVectorizerPass::vectorizeChainsInBlock,SLPVectorizerPass::vectorizeCmpInsts,SLPVectorizerPass::vectorizeInserts,SLPVectorizerPass::vectorizeStoreChains,vectorizeChainsInBlock::lambda
1	13	split_seeds/SLPVectorizer__poison-within-divisions.test.ll	PassModel::run,SLPVectorizerPass::collectSeedInstructions,SLPVectorizerPass::run,SLPVectorizerPass::runImpl,SLPVectorizerPass::tryToVectorize,SLPVectorizerPass::tryToVectorizeList,SLPVectorizerPass::vectorizeChainsInBlock,SLPVectorizerPass::vectorizeCmpInsts,SLPVectorizerPass::vectorizeHorReduction,SLPVectorizerPass::vectorizeInserts,SLPVectorizerPass::vectorizeRootInstruction,tryToVectorizeList::lambda,vectorizeChainsInBlock::lambda
1	16	split_seeds/SLPVectorizer__pr16628.f.ll	PassModel::run,SLPVectorizerPass::collectSeedInstructions,SLPVectorizerPass::run,SLPVectorizerPass::runImpl,SLPVectorizerPass::tryToVectorize,SLPVectorizerPass::tryToVectorizeList,SLPVectorizerPass::vectorizeChainsInBlock,SLPVectorizerPass::vectorizeCmpInsts,SLPVectorizerPass::vectorizeHorReduction,SLPVectorizerPass::vectorizeInserts,SLPVectorizerPass::vectorizeRootInstruction,SLPVectorizerPass::vectorizeStoreChains,tryToVectorize::lambda,vectorizeChainsInBlock::lambda,vectorizeCmpInsts::lambda,vectorizeCmpInsts::sort_internals
1	22	split_seeds/SLPVectorizer__PR31847.flat.ll	PassModel::run,SLPVectorizerPass::collectSeedInstructions,SLPVectorizerPass::run,SLPVectorizerPass::runImpl,SLPVectorizerPass::tryToVectorize,SLPVectorizerPass::tryToVectorizeList,SLPVectorizerPass::vectorizeChainsInBlock,SLPVectorizerPass::vectorizeCmpInsts,SLPVectorizerPass::vectorizeGEPIndices,SLPVectorizerPass::vectorizeHorReduction,SLPVectorizerPass::vectorizeInserts,SLPVectorizerPass::vectorizeRootInstruction,SLPVectorizerPass::vectorizeStoreChains,SLPVectorizerPass::vectorizeStores,tryToVectorize::lambda,tryToVectorizeList::lambda,vectorizeChainsInBlock::lambda,vectorizeCmpInsts::lambda,vectorizeCmpInsts::sort_internals,vectorizeGEPIndices::lambda,vectorizeStoreChains::lambda,vectorizeStores::lambda
1	13	split_seeds/SLPVectorizer__PR35777.patatino.ll	PassModel::run,SLPVectorizerPass::collectSeedInstructions,SLPVectorizerPass::run,SLPVectorizerPass::runImpl,SLPVectorizerPass::tryToVectorize,SLPVectorizerPass::tryToVectorizeList,SLPVectorizerPass::vectorizeChainsInBlock,SLPVectorizerPass::vectorizeCmpInsts,SLPVectorizerPass::vectorizeHorReduction,SLPVectorizerPass::vectorizeInsertElementInst,SLPVectorizerPass::vectorizeInserts,SLPVectorizerPass::vectorizeInsertValueInst,vectorizeChainsInBlock::lambda
1	12	split_seeds/SLPVectorizer__remark_unsupported.test.ll	PassModel::run,SLPVectorizerPass::collectSeedInstructions,SLPVectorizerPass::run,SLPVectorizerPass::runImpl,SLPVectorizerPass::tryToVectorize,SLPVectorizerPass::tryToVectorizeList,SLPVectorizerPass::vectorizeChainsInBlock,SLPVectorizerPass::vectorizeCmpInsts,SLPVectorizerPass::vectorizeHorReduction,SLPVectorizerPass::vectorizeInserts,tryToVectorize::lambda,vectorizeChainsInBlock::lambda
1	16	split_seeds/SLPVectorizer__reordered-loads.test.ll	PassModel::run,SLPVectorizerPass::collectSeedInstructions,SLPVectorizerPass::run,SLPVectorizerPass::runImpl,SLPVectorizerPass::tryToVectorize,SLPVectorizerPass::tryToVectorizeList,SLPVectorizerPass::vectorizeChainsInBlock,SLPVectorizerPass::vectorizeCmpInsts,SLPVectorizerPass::vectorizeGEPIndices,SLPVectorizerPass::vectorizeHorReduction,SLPVectorizerPass::vectorizeInserts,SLPVectorizerPass::vectorizeRootInstruction,SLPVectorizerPass::vectorizeStoreChains,tryToVectorize::lambda,tryToVectorizeList::lambda,vectorizeChainsInBlock::lambda
1	13	split_seeds/SLPVectorizer__revec-fix-109835.e.ll	PassModel::run,SLPVectorizerPass::collectSeedInstructions,SLPVectorizerPass::run,SLPVectorizerPass::runImpl,SLPVectorizerPass::tryToVectorize,SLPVectorizerPass::vectorizeChainsInBlock,SLPVectorizerPass::vectorizeCmpInsts,SLPVectorizerPass::vectorizeHorReduction,SLPVectorizerPass::vectorizeInsertElementInst,SLPVectorizerPass::vectorizeInserts,SLPVectorizerPass::vectorizeRootInstruction,SLPVectorizerPass::vectorizeStoreChains,vectorizeChainsInBlock::lambda
1	18	split_seeds/SLPVectorizer__saxpy.SAXPY.ll	PassModel::run,SLPVectorizerPass::collectSeedInstructions,SLPVectorizerPass::run,SLPVectorizerPass::runImpl,SLPVectorizerPass::vectorizeChainsInBlock,SLPVectorizerPass::vectorizeCmpInsts,SLPVectorizerPass::vectorizeGEPIndices,SLPVectorizerPass::vectorizeHorReduction,SLPVectorizerPass::vectorizeInsertElementInst,SLPVectorizerPass::vectorizeInserts,SLPVectorizerPass::vectorizeStoreChain,SLPVectorizerPass::vectorizeStoreChains,SLPVectorizerPass::vectorizeStores,vectorizeChainsInBlock::lambda,vectorizeGEPIndices::lambda,vectorizeStoreChains::lambda,vectorizeStores::lambda,vectorizeStores::sort_internals
1	14	split_seeds/SLPVectorizer__scalarization-overhead.zot.ll	PassModel::run,SLPVectorizerPass::collectSeedInstructions,SLPVectorizerPass::run,SLPVectorizerPass::runImpl,SLPVectorizerPass::tryToVectorize,SLPVectorizerPass::tryToVectorizeList,SLPVectorizerPass::vectorizeChainsInBlock,SLPVectorizerPass::vectorizeCmpInsts,SLPVectorizerPass::vectorizeHorReduction,SLPVectorizerPass::vectorizeInsertElementInst,SLPVectorizerPass::vectorizeInserts,SLPVectorizerPass::vectorizeRootInstruction,tryToVectorize::lambda,vectorizeChainsInBlock::lambda
1	15	split_seeds/SLPVectorizer__scatter-vectorize-reversed.test.ll	PassModel::run,SLPVectorizerPass::collectSeedInstructions,SLPVectorizerPass::run,SLPVectorizerPass::runImpl,SLPVectorizerPass::tryToVectorize,SLPVectorizerPass::tryToVectorizeList,SLPVectorizerPass::vectorizeChainsInBlock,SLPVectorizerPass::vectorizeCmpInsts,SLPVectorizerPass::vectorizeGEPIndices,SLPVectorizerPass::vectorizeHorReduction,SLPVectorizerPass::vectorizeInsertElementInst,SLPVectorizerPass::vectorizeInserts,tryToVectorizeList::lambda,vectorizeChainsInBlock::lambda,vectorizeGEPIndices::lambda
1	15	split_seeds/SLPVectorizer__shl-to-add-transformation5.test2.ll	PassModel::run,SLPVectorizerPass::collectSeedInstructions,SLPVectorizerPass::run,SLPVectorizerPass::runImpl,SLPVectorizerPass::tryToVectorize,SLPVectorizerPass::tryToVectorizeList,SLPVectorizerPass::vectorizeChainsInBlock,SLPVectorizerPass::vectorizeCmpInsts,SLPVectorizerPass::vectorizeHorReduction,SLPVectorizerPass::vectorizeInsertElementInst,SLPVectorizerPass::vectorizeInserts,SLPVectorizerPass::vectorizeStoreChains,tryToVectorize::lambda,tryToVectorizeList::lambda,vectorizeChainsInBlock::lambda
1	18	split_seeds/SLPVectorizer__SLP-cmp-cost-query.fun.ll	PassModel::run,SLPVectorizerPass::collectSeedInstructions,SLPVectorizerPass::run,SLPVectorizerPass::runImpl,SLPVectorizerPass::tryToVectorize,SLPVectorizerPass::tryToVectorizeList,SLPVectorizerPass::vectorizeChainsInBlock,SLPVectorizerPass::vectorizeCmpInsts,SLPVectorizerPass::vectorizeGEPIndices,SLPVectorizerPass::vectorizeHorReduction,SLPVectorizerPass::vectorizeInserts,SLPVectorizerPass::vectorizeRootInstruction,tryToVectorize::lambda,tryToVectorizeList::lambda,vectorizeChainsInBlock::lambda,vectorizeCmpInsts::lambda,vectorizeCmpInsts::sort_internals,vectorizeGEPIndices::lambda
1	14	split_seeds/SLPVectorizer__slp-v2f16.fadd_combine_v2f16.ll	PassModel::run,SLPVectorizerPass::collectSeedInstructions,SLPVectorizerPass::run,SLPVectorizerPass::runImpl,SLPVectorizerPass::vectorizeChainsInBlock,SLPVectorizerPass::vectorizeCmpInsts,SLPVectorizerPass::vectorizeGEPIndices,SLPVectorizerPass::vectorizeInserts,SLPVectorizerPass::vectorizeStoreChains,SLPVectorizerPass::vectorizeStores,vectorizeChainsInBlock::lambda,vectorizeStoreChains::lambda,vectorizeStores::lambda,vectorizeStores::sort_internals
1	21	split_seeds/SLPVectorizer__spillcost.f3.ll	PassModel::run,SLPVectorizerPass::collectSeedInstructions,SLPVectorizerPass::run,SLPVectorizerPass::runImpl,SLPVectorizerPass::tryToVectorize,SLPVectorizerPass::tryToVectorizeList,SLPVectorizerPass::vectorizeChainsInBlock,SLPVectorizerPass::vectorizeCmpInsts,SLPVectorizerPass::vectorizeGEPIndices,SLPVectorizerPass::vectorizeHorReduction,SLPVectorizerPass::vectorizeInsertElementInst,SLPVectorizerPass::vectorizeInserts,SLPVectorizerPass::vectorizeRootInstruction,SLPVectorizerPass::vectorizeStoreChain,SLPVectorizerPass::vectorizeStoreChains,SLPVectorizerPass::vectorizeStores,tryToVectorizeList::lambda,vectorizeChainsInBlock::lambda,vectorizeStoreChains::lambda,vectorizeStores::lambda,vectorizeStores::sort_internals
1	16	split_seeds/SLPVectorizer__split-load8_2_unord_geps.test.ll	PassModel::run,SLPVectorizerPass::collectSeedInstructions,SLPVectorizerPass::run,SLPVectorizerPass::runImpl,SLPVectorizerPass::tryToVectorizeList,SLPVectorizerPass::vectorizeChainsInBlock,SLPVectorizerPass::vectorizeCmpInsts,SLPVectorizerPass::vectorizeGEPIndices,SLPVectorizerPass::vectorizeInserts,SLPVectorizerPass::vectorizeStoreChain,SLPVectorizerPass::vectorizeStoreChains,SLPVectorizerPass::vectorizeStores,vectorizeChainsInBlock::lambda,vectorizeStoreChains::lambda,vectorizeStores::lambda,vectorizeStores::sort_internals
1	13	split_seeds/SLPVectorizer__trunced-buildvector-scalar-extended.test.ll	PassModel::run,SLPVectorizerPass::collectSeedInstructions,SLPVectorizerPass::run,SLPVectorizerPass::runImpl,SLPVectorizerPass::tryToVectorize,SLPVectorizerPass::tryToVectorizeList,SLPVectorizerPass::vectorizeChainsInBlock,SLPVectorizerPass::vectorizeCmpInsts,SLPVectorizerPass::vectorizeHorReduction,SLPVectorizerPass::vectorizeInsertElementInst,SLPVectorizerPass::vectorizeInserts,tryToVectorize::lambda,vectorizeChainsInBlock::lambda
1	18	split_seeds/SLPVectorizer__used-reduced-op.n.ll	PassModel::run,SLPVectorizerPass::collectSeedInstructions,SLPVectorizerPass::run,SLPVectorizerPass::runImpl,SLPVectorizerPass::tryToVectorize,SLPVectorizerPass::tryToVectorizeList,SLPVectorizerPass::vectorizeChainsInBlock,SLPVectorizerPass::vectorizeCmpInsts,SLPVectorizerPass::vectorizeGEPIndices,SLPVectorizerPass::vectorizeHorReduction,SLPVectorizerPass::vectorizeInsertElementInst,SLPVectorizerPass::vectorizeInserts,SLPVectorizerPass::vectorizeRootInstruction,SLPVectorizerPass::vectorizeStoreChains,tryToVectorize::lambda,vectorizeChainsInBlock::lambda,vectorizeCmpInsts::lambda,vectorizeCmpInsts::sort_internals
1	15	split_seeds/SLPVectorizer__v2f16.fusion.ll	PassModel::run,SLPVectorizerPass::collectSeedInstructions,SLPVectorizerPass::run,SLPVectorizerPass::runImpl,SLPVectorizerPass::vectorizeChainsInBlock,SLPVectorizerPass::vectorizeCmpInsts,SLPVectorizerPass::vectorizeGEPIndices,SLPVectorizerPass::vectorizeInserts,SLPVectorizerPass::vectorizeStoreChains,SLPVectorizerPass::vectorizeStores,vectorizeChainsInBlock::lambda,vectorizeGEPIndices::lambda,vectorizeStoreChains::lambda,vectorizeStores::lambda,vectorizeStores::sort_internals
1	16	split_seeds/SLPVectorizer__vec-elt-insertion.fun0.ll	PassModel::run,SLPVectorizerPass::collectSeedInstructions,SLPVectorizerPass::run,SLPVectorizerPass::runImpl,SLPVectorizerPass::tryToVectorize,SLPVectorizerPass::tryToVectorizeList,SLPVectorizerPass::vectorizeChainsInBlock,SLPVectorizerPass::vectorizeCmpInsts,SLPVectorizerPass::vectorizeHorReduction,SLPVectorizerPass::vectorizeInsertElementInst,SLPVectorizerPass::vectorizeInserts,SLPVectorizerPass::vectorizeRootInstruction,SLPVectorizerPass::vectorizeStoreChains,tryToVectorize::lambda,tryToVectorizeList::lambda,vectorizeChainsInBlock::lambda
1	21	split_seeds/SLPVectorizer__vectorizable-selects-uniform-cmps.select_mixed_predicates_8xi16.ll	PassModel::run,SLPVectorizerPass::collectSeedInstructions,SLPVectorizerPass::run,SLPVectorizerPass::runImpl,SLPVectorizerPass::tryToVectorize,SLPVectorizerPass::tryToVectorizeList,SLPVectorizerPass::vectorizeChainsInBlock,SLPVectorizerPass::vectorizeCmpInsts,SLPVectorizerPass::vectorizeHorReduction,SLPVectorizerPass::vectorizeInsertElementInst,SLPVectorizerPass::vectorizeInserts,SLPVectorizerPass::vectorizeStoreChain,SLPVectorizerPass::vectorizeStoreChains,SLPVectorizerPass::vectorizeStores,tryToVectorizeList::lambda,vectorizeChainsInBlock::lambda,vectorizeCmpInsts::lambda,vectorizeCmpInsts::sort_internals,vectorizeStoreChains::lambda,vectorizeStores::lambda,vectorizeStores::sort_internals
1	19	split_seeds/SLPVectorizer__vectorizable-selects-uniform-cmps.select_uniform_ne_2xi64.ll	PassModel::run,SLPVectorizerPass::collectSeedInstructions,SLPVectorizerPass::run,SLPVectorizerPass::runImpl,SLPVectorizerPass::tryToVectorize,SLPVectorizerPass::tryToVectorizeList,SLPVectorizerPass::vectorizeChainsInBlock,SLPVectorizerPass::vectorizeCmpInsts,SLPVectorizerPass::vectorizeHorReduction,SLPVectorizerPass::vectorizeInserts,SLPVectorizerPass::vectorizeStoreChain,SLPVectorizerPass::vectorizeStoreChains,SLPVectorizerPass::vectorizeStores,vectorizeChainsInBlock::lambda,vectorizeCmpInsts::lambda,vectorizeCmpInsts::sort_internals,vectorizeStoreChains::lambda,vectorizeStores::lambda,vectorizeStores::sort_internals
